0	fake	Marielle> BANDIDOS Narco-traficantes-Militias stepped on the PCC ball> Commander of the crime # PT's Arms #Criminal Organization Murdered by THIAGO- MACACO Midia to accuse those who destroyed the dream #GRANDEPATRIA @ECantanhede @CarvalhosaMo @CarlosBolsonaro @RenovMidiaITEFC .twitter.com / 8HTb0VVmj8
1	fake	Well, the latest news about this is that Marielle's real killer is not those accused but an element code-named Macaco ". That is, he did not stick the Bolsonaro x Marielle relationship. Review his sources."
2	fake	@jornalnacional lived with news from Marielle for 3 months almost every day. Why did the reports stop? Just because it was discovered that your killer was Thiago monkey? Black slum and linked to trafficking? Bonemer vc is the supreme juice of the ridiculous.
3	fake	Cesari Battisti confessed his crimes, the left was silent; MARIELLE's killer was discovered, the left fell silent and now Lulatro confessed, the left stuck his tongue where my monkey the cashew. Demagogues, hypocrites and Pharisees
4	true	[Agência Lupa] We verified: It is false that Thiago Macaco was identified as Marielle's murderer https: // piaui.folha.uol.com.br/lupa/2019/04/0 1 / we checked-marielle-imprisoned-thiago /…
5	true	UP IN THE AIR. Thiago Macaco is not accused by the police of murdering Marielle. https: // aosfatos.org/noticias/thiag the-monkey-is-not-accused-by-the-police-of-murdering-marielle /… pic.twitter.com/RucmWUvSoT
6	true	Have you found out who sent it yet? Who did Marielle bother with, anyway? The link between trafficking and militias has always been known. Are you playing naive now? The news of thiago monkey is old.
7	fake	Thiago Macaco is arrested for involvement in the death of Marielle - Brazil - iG https: // ultimosegundo.ig.com.br/brasil/2018-05 -30 / marielle-franco-thiago-monkey.html…
8	fake	Shall we talk about Marielle? Why did you stop talking about her? Why did Thiago Macaco from the red, black, poor, drug dealer party confess? You are very naughty Boulos! https: // twitter.com/GuilhermeBoulo s / status / 1111372441551433728…
9	fake	Bolsonarista killer is good hahahahahaha As for the death of this Marielle, Thiago Macaco (black and poor) is under arrest. Marielle was killed by the same killers that PSOL usually defends.
10	fake	Whoever killed Marielle was a drug dealer named Tiago Macaco. Drug dealer. Bandit. You created Frankstein and he turned against you. But the police have to be blamed, don't they?
11	fake	Who killed Marielle? Answer: Thiago Macaco, black man, poor and linked to trafficking pic.twitter.com/3aRayciINB
12	fake	Actually, not a girl. The suspect was a drug dealer "Thiago Monkey" if I'm not mistaken. And no person with a political position contrary to Marielle's was indicted as a suspect, so it wasn't a political crime, it was more of a woman who suffered from violence. brazilian
13	fake	The left is currently defending the guy who almost killed Bolsonaro, well, let us now consider that Tiago Macaco, the man who killed Marielle Franco, is completely innocent of the case :)
14	fake	What world do you live in? It was Thiago monkey who killed Marielle. But as the murderer is black, you are playing disagreements.
15	true	Wrong! Tiago Macaco was arrested for involvement in the death of the Siciliano employee. It was later reported by the media that he would have participated in Marielle's death and that he would not have been the killer as you said, but responsible for the cloning of Cobalt. Fake News
16	fake	There is no Marielle Case "outside the press. They have already identified the killer. Former inmate Marcelo Macaco. Only the left doesn't accept that he is NOT a blond with blue eyes ..."
17	fake	Marielle's killer was discovered! It's Thiago Macaco, black, poor and drug dealer #boato http: // www. rumors.org/politica/assas sino-marielle-thiago-monkey.html…
18	fake	Contrary to the conclusions of PSOL and Marcelo Freixo pointing to the probable murderer of Marielle as a white man, from the PM and homophobic, here the investigation arrived in Thiago Macaco, who is black, of poor origin and linked to trafficking. The left lies and is silent! #MarielleAusente pic.twitter.com/46kiqR6yPQ
19	fake	Let's talk about Marielle again. MARIELLE VIVE. She was murdered by THIAGO MACACO. He DOES NOT DESERVE PUNISHMENT. Thiago Macaco is a VICTIM OF THE OPPRESSING SOCIETY. Black, poor, racist nickname, with no opportunities in society. #ThiagoMacacoLivre Call @mariadorosario @lucianagenro @ psol50
20	fake	Marielle morta pelo Macaco ... Huhuhahahahaha
21	true	Oh man, they're still trying to blame the victim for the cruel death! Playing that Monkey as guilty of Marielle's murder (which has not yet been confirmed) and saying that she was guilty of defending black and "bandit"! It's easier to do that than admit racism, right?
22	true	Hello fakenews! Thiago Macaco is just one of the suspects of Marielle's death (who was even murdered by a group of people) - among other suspects there is also the Sicilian councilor (PHS), involved with militias, the ex-PM and militia chief Orlando Oliveira , etc.
23	fake	Marielle's killer is a poor black drug dealer with a nickname of Monkey. And now? where are the leftists? Jean Willis? Sakamoto? Maria do Rosario? Boulos? Manuela? PSOL? Where are the global artists? Gone?
24	fake	Arrested suspected of involvement in Marielle's murder. Black, Poor and from the periphery Thiago Macaco ". The defense lawyer must be from PSOL. Pic.twitter.com/rLYxvHS9ph"
25	fake	Vixi, now blow the head of the hypocrites on duty! Involved in Marielle's murder is black and called a Monkey! https: // glo.bo/2xt5ZaK pic.twitter.com/UW4MrtJHVG
26	fake	What? So you mean that Marielle Presente's killer is a black man and is called a Monkey? Vixi, it will tie the head of hypocrisy! And now? - obs .: Present is her last name? pic.twitter.com/8yW7LeJCY8
27	true	Arrest of 'Thiago Macaco' is not related to the Marielle case, says delegate http: // dlvr.it/QVksGm
28	true	Arrest of 'Thiago Macaco' is not related to the Marielle case, says delegate http: // radiovoxbrazil.com/2018/05/prisao -de-thiago-monkey-not-this-related-to-the-case-marielle-says-delegate /…
29	true	Arrest of 'Thiago Macaco' is not related to the Marielle case, says chief - http: // news.jornaltijucas.com.br/prisao-de-thia go-monkey-not-this-related-to-the-case-marielle -delegate /…
30	fake	Police arrest Thiago Macaco, suspected of involvement with Jacarepaguá militia and quoted as a whistleblower in the Marielle case. # rpnm2018 pic.twitter.com/2cq6whl6cR
31	fake	Thiago Bruno Mendonça was arrested at the Nova América shopping center on Tuesday afternoon (30). Known as Thiago Macaco, he is accused of involvement in the deaths of councilor Marielle ... http: // www. portaldolitoralpb.com.br/policia-prende -suspect-of-involvement-in-the-case-marielle /…
32	fake	Suspected prisoner for the death of Marielle Franco, better known as Thiago Macaco ", you can now remove the argument that Marielle died for being black pic.twitter.com/trkRVwWZjh"
33	fake	Thiago Macaque, suspected of being involved in the execution of Marielle Franco, was arrested at the Nova América mall.
34	fake	Two months later ... a man known as Thiago Macaco (33) was arrested yesterday in Rio. He is suspected of involvement in the murder of city councilor Marielle / PSOL, but was arrested for the death of Carlos Alexandre Pereira, the Head, a collaborator with councilor Marcello Siciliano / (PHS).
35	true	The photo, in fact, does not show @dilmabr and neither does Pablo Escobar, but Miguel Ángel Zuvic and his wife, Ema. Zuvic is the father of Argentine politics @MarianaZuvic. The other 2 adults in the photo are in fact Néstor and Cristina Kirchner. Check it out at: http: // bit.ly/2DHfdRd. pic.twitter.com/lszQYK89jb
36	true	Estadão: Old photo is used to claim false meeting between Kirchner couple, Dilma and Pablo Escobar. Right-wing appeals reach levels of perversity. #Venezuela https: // politica.estadao.com.br/blogs/estadao- checks / old-photo-and-used-to-claim-false-reunion-between-couple-kirchner-dilma-and-pablo-escobar / … Via @GoogleNews
37	true	Old photo montage puts couple Kirchner, Dilma and Pablo Escobar in false meeting - O Popular http: // bit.ly/2Wkiu0l
38	true	The image with a false message still says that former Argentine presidents Néstor and Cristina Kirchner would be in the photo. Peronist politicians are in fact in the photo, but Dilma and Pablo Escobar are not.
39	true	An old rumor alleging that former President Dilma Rousseff appears in a photo with Pablo Escobar has returned to circulate on Facebook. It is not true that the PT was posing alongside the famous Colombian drug dealer.
40	true	Seriously sharing that photo again ??? The one they say is Dilma's with Pablo Escobar !!! Kd the fucking block for Fake News and its Facebook spreaders? In a few days these lies will cause someone to die by mistake.
41	fake	I never forget that photo of Dilma, Pablo Escobar and Kirchner
42	true	And this picture of Dilma with Pablo Escobar, but wait ... it's not Dilma and the guy is not Pablo Escobar. The guys spread everything.
43	fake	Dilma has always been very well accompanied. I think Pablo Escobar learned to be a mobster with her. pic.twitter.com/iMn74Td0FI
44	true	The ~ photo of Dilma with Pablo Escobar ~ is an evolution compared to that with Hitley, at least they were alive at the same time
45	fake	In the Bolsonaro government. Lunch at the Plateau, it is at the bandejão. The spree of the PT era is over, of having a chef with a French menu. Those who prepare the food are military stewards, this means zero cost of labor. The images speak for themselves. pic.twitter.com/W7vUhBu3Iv
46	fake	LUNCH ON THE PLANALTO is now on the bandejão, the PT era binge is over, having a chef with a French menu. Those who prepare the food are military stewards, this means zero cost of labor. The images speak for themselves. VIVA BRASIL UNDER NEW DIRECTIVE VIVA BOLSONARO pic.twitter.com/kCzBSie53c
47	fake	No more hiring French chefs to prepare the menu. Lunch at the Plateau is now at the bandejão. Those who prepare the food are military stewards, that means ZERO COST of labor. The images speak for themselves, President Bolsonaro sets an example. #MudaBrasil pic.twitter.com/jwHrLvtjyp
48	fake	In the Bolsonaro government, lunch in the Plateau is on the same plateau! The frenzy of the PT era of having a French menu is over https: // www. facebook.com/Poetaminas/pos ts / 2407845875913669…
49	true	Salad, barbecue and french fries: Bolsonaro's lunch at the Plateau plateau https: // glo.bo/2IJFN0q
50	true	Bolsonaro has lunch for the first time at the Palác employees' banner ... https: // youtu.be/Y8wdBwKn1Z0 via @YouTube
51	true	Bolsonaro is the first chief executive to have lunch at the presidential banner. He promised to return to the restaurant once a month. https: // www. tvcidadenews.com.br/2019/04/bolson aro-faz-historia-ao-lunch-no.html…
52	true	President Bolsonaro is caught eating at the plateau of Palcário do Planalto https: // aconteceagora.com.br/presidente-bol sonaro-e-spotted-eating-in-plateau-of-palace-of-the-plateau /… !!!!
53	true	Bolsonaro has lunch at the "plateau" of the Planalto Palace with ministers and advisers | Policy | G1 https: // g1.globo.com/politica/notic ia / 2019/04/25 / bolsonaro-lunch-at-plateau-of-the-palace-of-the-plateau.ghtml…
54	fake	Go ahead! This leftist who called Jesus Christ a transvestite and a fag is an attraction of the #GloboLixo for the hope child. The #globolixo challenges public opinion! pic.twitter.com/Dmu4HOtWkH
55	fake	Meanwhile, this year's Criança Esperança will have a special participation from the same imbecile who called Our Lord Jesus Christ a transvestite. Gobo alone is decreeing its end. https: // www. facebook.com/1421585067/pos ts / 10213943677652339 /…
56	fake	And a BIGGER asshole, what do children in need have to do with friendly electoral dispute? Yesterday I saw an idiot comment the same as the child hope because of a presenter who said that Jesus was a transvestite, now the needy will suffer because of idiots.
57	fake	if that is the case then Johnny Hooker says that Jesus is a transvestite ... proves that he is xenophobic .... and he was on the globe ... being part of the attractions of the hope child. ... and how is it?
58	fake	Rede Globo being Rede Globo. Look at that illustrious presence in the hope child. He took the name of our Lord in vain, called him a transvestite and will still be present in one of the most millionaire campaigns on Brazilian TV for children. This is not happening! pic.twitter.com/AWGJrsMpgU
59	fake	Boycott the child hope !! The idiot who cursed Jesus as a transvestite will be the show's attraction !!! #GloboLixo #RedeEsgoto #ChildrenHopeNo #ChildrenRoubança
60	fake	great @lobaoeletrico !! It has nothing to do with your twitter, but I just need to suggest pulling the hastag # Criançaesperançanão or # Criançaçaroubança !!! That thing that called Jesus the transvestite will be the attraction of the child hope !!! And the assholes donating !!!! Let's boycott !!!!
61	fake	JESUS CALLED A TRAVESTI AND IT WILL BE ATTRACTION IN THE CHILD HOPE OF THE WASTE GLIBE! https: // www. facebook.com/1350185211/pos ts / 10212222655385478 /…
62	fake	Using "Cristo ñ is right on any occasion It's really cool to call Jesus a transvestite, like the @ @ that was on Criança Esperança? Obs .: Jesus gave literal whips to the temple vendors, he wasn't very peaceful on this occasion. Tip: No persecution without martyr / hero "
63	fake	This is if you do not disrespect the religion of others and call Jesus a transvestite. Then, go to the child hope to ask for money ....
64	fake	After calling Jesus a transvestite, Johnny Hooker sings at Criança Esperança https: // noticias.gospelprime.com.br/johnny-hooker- child-hope-all-form-of-love /…
65	fake	The tag Criança Esperança was first in Tt but there were only people against this crap they are doing, actress and actors q support abortion asking for money, singer q called Jesus a transvestite, q Twitter dropped the tag.
66	fake	VC THAT SAYS CHRISTIAN AND IS THINKING TO DONATE MONEY TO THAT ISSUER WASTE REMEMBER THE CREATURE THAT CALLED JESUS CHRIST IN TRANSVESTI IS ONE OF THE CHILDREN'S HOPE ATTRACTIONS.
67	fake	Garbage globe. Johnny Hooker put hope in the child who called Jesus a transvestite. #Child Hope
68	fake	Child Hope or hope sealing? Do not mess your name with this gang that calls Jesus a transvestite !! #NaoDoeCriancaEsperanca
69	fake	Wow, the guy says Jesus is a transvestite and gay yes. Where is he ? At Globo in Child Hope
70	fake	FUCKING YOU SO JOKE NE? HOW DOES A BITCH CHILD, WHO CALLED JESUS A TRAVESTI ON A NATIONAL NETWORK? WHAT A DISRESPECT TO THE BRAZILIAN FAMILY! USE THE NAME OF CHILD HOPE "PRAY FOR A TRASH OF THEM IN THE AIR! HOW DISGUSTING! # Criançaesperança"
71	fake	Just to remind you that the retarded jhonny hooker (who called Jesus a fag and a transvestite) will participate in the hope child. Just to remember to weigh in the decision of how much to donate, if you donate at all.
72	fake	THE SINGER Johnny Hooker - PROSTITUTE IN ENGLISH, WHO CALLED JESUS OF TRANSVESTI, WILL BE IN CHILD HOPE! . . #tv #presenter # child #journalism #information #journalist… https: // www. instagram.com/p/BmXRa2fhk-n/? utm_source = ig_twitter_share & igshid = 3p68iiyc1h2a ...
73	fake	Criança Esperança will be presented by the transformer who equated Jesus to transvestite http: // www. conservadorismodobrasil.com.br/2018/08/crianc a-esperanca-tera-presentation-do-transformaista-que-even-jesus-a-travesti.html…
74	fake	This CARNIÇA called JESUS a transvestite. It will be at Criança Esperança ". WRONG! MISERABLE and IMMACHUMBLE. You will burn in the sulfur and fire of the insect hell. Pic.twitter.com/xsKpwA4GjW"
75	fake	ATTENTION ! the idiot who called Jesus a travesty fag will participate in Globo's Criança Esperança Say NO to the hope child DON'T DONATE. Disclose to all your contacts below details! SHARE pic.twitter.com/NvAd4jVsEb
76	fake	I just learned that the gayzista garbage that called Jesus TRAVESTI won a UN award and was invited to perform at Criança Esperança da Globo. Nice, right? pic.twitter.com/T2wsa6X0nY
77	fake	Money that Globo then deducts from the income tax. They are also publicizing that that bastard Johnny Hooker who called Jesus a fag and a transvestite will perform at Criança Esperança "or so hiding?"
78	fake	@Crian_Esperanca Singer who stated that Jesus is a transvestite and "fag" is denounced at the Federal Public Ministry https: // www. jmnoticia.com.br/2018/07/31/can tor-que-stated-que-jesus-e-travesti-e-bicha-e-denunciado-no-ministerio-Público-Federal /… via @jmnoticia - So it is this is the artist who will participate in Criança Esperança ""
79	fake	What about Christians who will donate hope of the globe to the child ... Even after that little singer says that JESUS is a transvestite, that JESUS is a fag ...
80	fake	LOOK AT THE SHIT that Globo will promote !!!! - Singer who called Jesus a transvestite will perform at Criança Esperança https: // noticias.gospelprime.com.br/johnny-hooker- jesus-travesti-Criança-Esperanca /…
81	true	ABIN issued a note denying that the Brumadinho disaster was a terrorist attack by 1 Cuban and 1 Venezuelan. Beast people
82	true	it was necessary for abin to pronounce itself on fake news where it claimed that the brumadinho tragedy was due to a Cuban / Venezuelan terrorist attack the Brazilian is living in a parallel reality among the three too many spies, you know?
83	true	RECHACE THE LIE: ABOUT FAKE NEW RELATED TO BRUMADINHO About the fake new distributed by the extreme right on social networks that attributes to a Venezuelan and an imaginary Cuban a terrorist explosion that would have generated the tragedy at the Brumadinho dam. pic.twitter.com/kyvPDxHosm
84	true	See what the minions are spreading through WhatsApp - detail: abstract the Portuguese mistakes (the guys are stupid, as well as crazy). According to this delusion, the rupture of the Brumadinho dam may have been a terrorist act - a Cuban and a Venezuelan are involved:
85	true	My cousin, who loves fake news, showed me a text on Facebook saying that the tragedy in Brumadinho was actually a terrorist attack caused by a Cuban and a Venezuelan. Lie.
86	fake	@CarlosBolsonaro It is URGENT that we anticipate going to the streets before April 7th! The Supreme Court decided to give Lula a safe conduit on April 4th. And it will be FREE! Let's go on April 3rd !!!!!
87	true	https: // www. rumors.org/politica/stf-s target-conduto-lula-solto.html… NEWS FROM SALVO CONDUITO DE LULA IS FAKE. HELP TO DISPUTE. They are using the rumor to incite hatred to the Supreme Court that will play HABEAS CORPUS DE LULA on MARCH 4, THURSDAY pic.twitter.com/X0fCRRiJzk
88	fake	How absurd!!! Minister Cármen Lúcia, of the Supreme Federal Court (STF), sent lawyer José Roberto Batochio the ex-president Lula's safe-conduct. The document authorizes the PT to travel and transit freely. https: // politica.estadao.com.br/blogs/fausto-m acedo / salvo-conduto-de-luiz-inacio-lula-da-silva /…
89	fake	Lula receives the STF safe conduct. #STFVergonhaNacional The condemned place is in jail. Go ahead! pic.twitter.com/leozjWC8sw
90	fake	@STF _oficial, Salvo Conduto para Lula? You leftist dictators, you are the shame of Brazil and will fall #STFVegonhaNacional
91	fake	@jairbolsonaro ATTENTION ALERT TO ALL STF .JA GIVES THE SAVED CONDUCT TO LULA, .STF .WILL RELEASE LULA AND 170 MORE HIGH-HAZARDOUS BANDITUDES
92	fake	SALF CONDUCT STF THE SQUID THAT SHOULD BE RELEASED NEXT HOURS. @CarlosBolsonaro @jairbolsonaro @joicehasselmann What's up? If it is already difficult with him just complicating the prison, imagine him loose !!! Will you accept silent?
93	fake	Good Morning. It seems that it will have saved conduit for Lula to leave the political prison he is in. Via STF. https: // www. instagram.com/p/Bvjf35Ng_L7/? utm_source = ig_twitter_share & igshid = 1jk9cpjfuih4…
94	fake	Today 11 men who did not receive a single vote from the people, will decide whether to bury the country ... Lula, Cunha, Cabral, Vacari Neto and Zé Dirceu, today they can receive, from the hands of the Supreme Court, permits / unless condemnation of impunity and detonate the Bolsonaro government. #STFnaoMateALavaJato
95	fake	* The MST worms and petistas invade Brumadinho to STEAL what is the right of the victims of the dam tragedy! * They come from afar to occupy the lands, we have to report it urgently. pic.twitter.com/gHKcQ81xb6
96	true	There is a strong relationship between the MST, MAB (Movement of People Affected by Dam) and the Catholic Church. The MST's presence in Brumadinho is just to reinforce support for families affected by the dams.
97	fake	Thank God things are getting on track !! The fear of encountering an armed farmer is greater than the desire to plunder. Congratulations, president. Now the MST is chasing the families of the victims in Brumadinho, parasites.
98	fake	THE LACK OF CHARACTER HAS NO LIMITS ** MST invades BRUMADINHO to ..... What is the right of the victims of the dam tragedy They come from afar to claim the lands as if… https: // www. instagram.com/p/BxAwHBzB4cU/? utm_source = ig_twitter_share & igshid = qc4jav5u8jvn…
99	fake	MST bums come from everything that is a place to get the land in Brumadinho you can believe it. https: // www. facebook.com/1496544215/pos ts / 10219602099151838 /…
100	fake	MST is there in Brumadinho wanting to profit.
101	fake	Brumadinho's invasion by the MST is in search of a little mouth ... (indemnity). pic.twitter.com/HKKAqHrNMc
102	true	Deputy echoes false news about the MST having invaded Brumadinho to take lands from those affected by the dam ", which has already been denied: https: // twitter.com/Boatosorg/stat us / 1123979369637134336? S = 19 ... https: // twitter. com / depheliolopes / status / 1124269458309242880… "
103	fake	THE LACK OF CHARACTER HAS NO LIMITS! ** MST invade Brumadinho to ........ ??? What is the right of victims of the dam tragedy! They come from afar to claim the land as if they were victims of the dam burst. # BolsonaroÉPresidente #DeputadoHelioLopes pic.twitter.com/GwvsPE7NW2
104	fake	MST opportunists in Brumadinho. They are questioned by the real residents. pic.twitter.com/rNpR42ECdm
105	fake	The MST bums have now solved the misty envadi
106	true	One of the anti-hoax websites debunked the rumor that the MST had stolen victims of environmental crime in Brumadinho. It is much easier for the MST to HELP victims with donations of agricultural products than to have stolen. The one who stole it was the privatized Vale.
107	fake	* The MST worms and petistas invade Brumadinho to STEAL what is the right of the victims of the dam tragedy! * They come from afar to occupy the lands, we have to report it urgently. pic.twitter.com/uppqeqr3K5
108	true	One of the anti-hoax websites debunked the rumor that the MST had stolen victims of environmental crime in Brumadinho. It is much easier for the MST to HELP victims with donations of agricultural products than to have stolen. The one who stole it was the privatized Vale.
109	fake	WARNING THE PRESIDENT ABOUT THE MST INVASION IN BRUMADINHO .... SEND THE FFAA TO LA AND TAKE THE BANGS TO THE BULLET https: // twitter.com/BolsonaroSP/st atus / 1123353186528636928…
110	fake	The MST and PT worms invade Brumadinho to STEAL what is the right of the victims of the dam tragedy. They come from afar to occupy the land, we have to report it urgently. @jairbolsonaro @xicograziano @manuelkobel @alexandregarcia @augustosnunes @BlogDoPim pic.twitter.com/ZZzh88OpSi
111	fake	But Brumadinho needed to be protected, devastated land and homeless properties ... Because the MST came and settled there
112	fake	Now vultures, living on carrion. Sorry, not that Brumadinho is a carrion, but q the MST became butchers as if it were not enough to be terrorists.
113	fake	@jairbolsonaro Look at the CLOWN, MST is PT, Brumadinho is in turmoil. They want to receive land that will be distributed to the families of VICTIMS ... PEOPLE WITHOUT RESPECT. HIT EVERYBODY IS LEAD TO RURAL PRISON, it's summer that they never caught a hoe pic.twitter.com/sg7vr3pWAX
114	fake	And the MST that is already in Brumadinho to make hell and want to steal what the residents are entitled to, I said about the RESIDENTS. @ pmmg190 @MPMG_Oficial @jairbolsonaro @policiafederal
115	fake	Congratulations, President! Private property is sacred! This MST has only wanted to riot the country since the 1980s! Look what they did now in Brumadinho, a city devastated by tragedy! What invaded the city for what?
116	fake	REVOLTING! MST invades BRUMADINHO! https: // youtu.be/XmsJt8i_VH0
117	fake	MST militontos based on cachaça and mortadella invade Brumadinho, not to help but to usurp land and benefits that may be generated due to the tragedy! pic.twitter.com/laLcExA5wU
118	fake	The MST bums are there in Brumadinho, trying to steal the help they receive. Riot.
119	fake	See how far the PT and its armed wing, the MST, are invading the already devastated Brumadinho. Look at that guys! https: // twitter.com/AlineRoPina/st atus / 1122315027615297536…
120	fake	MST w / office in the USA? But they are not poor, left to their own devices, they cannot survive without agrarian reform "? They even invaded Brumadinho because they are entitled to also receive compensation. Terrorists, this is what they are. #CoafComMoro"
121	fake	The government needs to take action, MST protesters are confronting and cornering the residents of Brumadinho. They invaded the city. @jairbolsonaro @SF_Moro @DefesaGovBr @policiafederal https: // twitter.com/Bolsoneas/stat us / 1122522906133770241…
122	fake	URGENTLY SSM MST and PT's invade Brumadinho to STEAL what is the right of the victims of the dam tragedy. They come from afar to occupy the land. WE NEED TO REPORT AND DISSEMINATE ASAP. pic.twitter.com/WlAeKYg9tx
123	fake	PRESIDENT JAIR MESSIAS BOLSONARO AND MORÃO VICE SEE WHAT IS HAPPENING IN BRUMADINHO THE MST IS INVADING LA, FOR THE LOVE OF GOD PUT EVERYONE IN THE CHAIN. pic.twitter.com/BQxn9sy4I9
124	fake	The MST and PT worms invade Brumadinho to STEAL what is right of the victims of the dam tragedy They come from afar to occupy the lands, we have to report it urgently. @gleisi @mariadorosario @Haddad_Fernando @LulaOficial look at the shit you guys do! @jairbolsonaro pic.twitter.com/wmcoGNeClq
125	fake	It is not enough for the people of Brumadinho to have suffered from the catastrophe, now they suffer the threat of invasion by the MST and PT profiteers pic.twitter.com/4CYTzfSDvP
126	fake	Do not forget the MST that is already in fog, swearing to stand together that has lived there for millions of years.
127	fake	What do you think the MST is doing in Brumadinho? Help something? Give medical and psychological assistance? Of course not. They are there to steal, strike, but they will not succeed, they are already properly mapped and if they try to establish a commune, lead will eat
128	fake	MST It was only the misty one Because the dose of the river poured much more land to help the innocent covered in mud only Israel #mst #interesseiro https: // twitter.com/tininhasouza19 1 / status / 1122588432688209920…
129	fake	The worms of Cuba, the MST and PT's invade Brumadinho to loot what is the right of the victims of the dam tragedy! They come from afar to invade the lands, we have to report… https: // www. instagram.com/p/BwzhtrcBeZ6/? utm_source = ig_twitter_share & igshid = 1h1r4lv5nue3u…
130	fake	Send the National Force to Brumadinho, which was invaded by the MST to disrupt the city and harm the people already suffering in the region!
131	fake	How long will we be forced to see these terrorists parading through our country. They respect nothing. MST invading Brumadinho. # BrasilÉBolsonaro #MoroTePrendiBabaca pic.twitter.com/Vg6hn9WZXX
132	fake	Taking newspaper class? The left is dizzy, they don't know what else to do: The MST and PT worms invade Brumadinho to STEAL what is the right of the victims of the dam tragedy! They come from afar to occupy the land, we have to report it urgently.
133	fake	MST worms and petistas invade Brumadinho MG, to STEAL what is the right of the victims of the dam break tragedy! They leave from afar to occupy the land, of people who have not even recovered yet! We have to report it urgently! Canalha pic.twitter.com/7yHAmgLFO8
134	true	MST holds political act in support of the families of Brumadinho The Movement of Landless Rural Workers promotes cultural political act in solidarity with the families of Vale's crime tragedy in Br ... http: // planetamg.com.br/mst-realiza-at the-politician-in-support-the-families-of-brumadinho /… pic.twitter.com/cFHSkAxOKh
135	true	MST calls for an act this Friday (5) against Vale's crimes in Brumadinho - Diário Causa Operária https: // www. causaoperaria.org.br/mst-convoca-at o-this-friday-6-against-the-crimes-of-the-valley-in-brumadinho / #. XKeUj15-TIg.twitter…
136	true	MST CALLS FOR POLITICAL ACT IN SUPPORT OF LANDLESS AFFECTED BY MINING In Minas Gerais, landless families are fighting the effects of Vale's crime in Brumadinho in action this Friday (05) Photo: MST Nesta ... http: // planetamg .com.br / mst-summons-at-the-political-in-support-to-the-landless-affected-by-mining /… pic.twitter.com/jl7997yHKw
137	true	For the life of women, we are all Marielle. "Yesterday 400 women from @MST _Oficial and from the Movement for Popular Sovereignty in Mining (MAM) blocked the passage of a train from Vale near #Brumadinho. Https: // www. Sul21.com .br / movements / 201 9/03 / women-of-the-mst-and-of-the-mam-lock-passage-of-the-train-of-the-valley-in-minas-gerais / #. XIpI72LFkl4.twitter… #QuemMandouMatarMarielle pic. twitter.com/AcmSWVXgaH "
138	true	For the deaths of Brumadinho and Marielle, MST women block the train in Sarzedo https: // www. Hojeemdia.com.br/horizontes/por -mortos-de-brumadinho-and-marielle-women-of-mst-block-train-in-sarzedo-1.700858…
139	true	They were protesting against Vale's impunity in the Brumadinho case and on behalf of Marielle (today 1 year ago she was murdered and the investigations are not over yet).
140	true	400 landless women denounce the mass murder with the rupture of the Brumadinho dam, on this day that completes 1 year of the death of Marielle Franco. The MST women stopped Vale's train that transports iron ore extracted from the region: https: // www. sul21.com.br/areazero/2019/ 03 / pm-repress-with-bombs-and-rubber-bullets-women-who-blocked-train-from-the-valley /…
141	true	#FlorescerPorMarielle | Check out more photos of the action taken by the women of the MST and MAM in today's action in Minas Gerais, when they occupied Vale's tracks to denounce the company's crime in Brumadinho and also the murder of Marielle Franco as #ValeAssassina pic.twitter. com / Fetv3Q46Vh
142	true	Action by the MST and MAB blocked an ore train in Sarzedo, a city next to Brumadinho (MG), criticized a predatory mining model and asked Marielle for justice. The Military Police acted violently and injured 10 people. https: // www. brasildefato.com.br/2019/03/14/mov imentos-occupation-railway-of-the-valley-for-fair-a-brumadinho-and-marielle-pm-reprime /…
143	true	In Minas Gerais, MST camps are affected by the Brumadinho dam rupture https: // soundcloud.com/redebrasilatua l / in-minas-gerais-campgrounds-of-mst-are-affected-by-the-dam-rupture- de-brumadinho-1? utm_source = soundcloud & utm_campaign = share & utm_medium = facebook ...
144	true	False message attributed to Gleisi Hoffmann disparaging Ayrton Senna | Revista Fórum https: // www. revistaforum.com.br/e-falsa-mensag em-attributed-to-gleisi-hoffmann-demeaning-ayrton-senna /…
145	true	It is a false message attributed to Gleisi Hoffmann disparaging Ayrton Senna https: // www. revistaforum.com.br/e-falsa-mensag em-attributed-to-gleisi-hoffmann-demeaning-ayrton-senna /… via @revistaforum
146	true	It is #FAKE that Gleisi Hoffmann said he sees no reason to pay tribute to Senna https: // g1.globo.com/fato-ou-fake/n oticia / 2019/05/03 / e-fake-que-gleisi-hoffmann- said-that-don't-see-reasons-for-tributes-to-senna.ghtml… #fake
147	true	Gleisi Hoffmann is the target of fake news regarding the tributes to the pilot Ayrton Senna https: // blogdacidadania.com.br/2019/05/gleisi -hoffmann-and-target-of-fake-news-in-relation-to-the-tributes -to-pilot-ayrton-senna /…
148	fake	It doesn't change anything! Gleisi Hoffman herself is just a big, but very big fake. To speak ill of Senna, no, but to praise Maduro and the dictatorship in Venezuela, yes, that is a fact!
149	fake	Gleisi's speech about Ayrton Senna that circulates on social networks is false https: // pt.org.br/fala-de-gleisi -sobre-ayrton-senna-que-circula-nos-social-networks-e-falsa / # .XMy9lDo4Az8.twitter ...
150	fake	The naughty @gleisi comparing Senna there, thief bastard is awesome. pic.twitter.com/7bO0zdwSxM
151	fake	Our dear @gleisi said she sees no reason to pay homage to Airton Senna, let alone for a poll who deserves it?
152	fake	When I think I've heard all the bullshit from Gleisi, she excels. She can speak ill of Senna, champion, proud of the country, rich but honest, she was embarrassed by her idol, children are rich! See how bandits understand each other: She says q Pt is based on Jesus and Lula compares to Jesus
153	true	No, the former Brazilian soccer player Pelé did not die. Or glossing over Mark Twain, the fake news "about Pelé's death is manifestly exaggerated .... https: // poligrafo.sapo.pt/fact-check/men sagem-viral-no-whatsapp-pele-died-today- for-morning-in-2019-at-79-years-of-age… "
154	fake	Pele died!
155	fake	Guys you saw that Pelé died .... very sad ...
156	true	Have PT, PSOL and PCdoB transformed Praia Vermelha (Urca) into a nudist beach? Know that this news, besides being FALSE, does not make sense! See why by reading this fact-checking article: https: // www. rumors.org/politica/pt-ps ol-pcdob-praia-Vermelha-nudismo.html… pic.twitter.com/loSc1jAAbj
157	fake	RED BEACH, next to Morro da Urca, turning into a nudist beach ... !!! * The intention is to confront the military, who have units on this beach, waiting for a reprisal, so that there is a confrontation and then call the military gorillas truculent . Everything orchestrated by PT, Psol PCdoB
158	fake	Red beach, next to Morro da Urca becoming a nudist beach !! The intention was to confront the military that has a unit in Praia Vermelha, waiting for a reprisal, so that there would be… https: // www. instagram.com/p/BwSFc19hmOr/? utm_source = ig_twitter_share & igshid = 1p8fevzvyb0gx…
159	fake	Shameful!!! Now Praia da Urca is Praia de Urca. Nudism ??? That's ridiculous!!*
160	true	Could it be that, to reinforce Bolsonaro's controversial speech, Moro would have said that demonstrations would be made by half a dozen unprepared students "? Make no mistake, as the statement is FALSE! Understand why: https: // aosfatos.org/noticias/moro - did-not-say-that-demonstrations-are-half-dozen-of-unprepared-students /… # EducaçãoÉCoisaSéria "
161	true	UP IN THE AIR. Moro did not say that the demonstrations are 'half a dozen unprepared students'. https: // aosfatos.org/noticias/moro- não-said-that-demonstrations-are-half-dozen-of-unprepared-students /… pic.twitter.com/YGuXjAak3N
162	true	Moro did not say that the demonstrations are 'half a dozen unprepared students'. Read more at: http: // bit.ly/2HzkiMI via Aos Fatos | In search of truth in politics. # fakenão #fakenews #FactCheck #CheckBR #SerMultimidia
163	fake	After Bolsonaro, Moro also attacks students. He says they are "unprepared". Look who's Talking...
164	fake	´´Half a dozen unprepared students will not disturb the government`` It is Moro showing his true face. False, liar (... half a dozen ?? !!), mocking, blinded by power. It shows that it has already adapted to the boss's style. And what government do you refer to? because I don't see any.
165	fake	Sheriff Moro says that half a dozen unprepared students were at the demonstrations. Unprepared are you mareco from Curitiba who ran 5 times in the OAB race. Tell us there Conje "?"
166	fake	Half a dozen unprepared students will not hinder the government "-Sérgio Moro"
167	true	It is a LIE that pins for crack and cocaine consumption have been found at UFES (this is material collected during an action carried out by an NGO in a mangrove in Santos, SP): http: // bit.ly/2YyvpMS (via @CienciaNoBrasil )
168	true	Another fake news trying to demoralize the feds. @uneoficial UFES student collects several cocaine pins used on campus! "http: // www. e-farsas.com/aluna-da-ufes- collects-several-cocaine-pins-used-on-campus-will-be-true.html…"
169	true	It is #FAKE that Damares Alves defended repeal of the Maria da Penha Law https: // g1.globo.com/fato-ou-fake/n oticia / 2019/05/17 / e-fake-que-damares-alves-defended- revocation-of-law-maria-of-penha.ghtml… #fatooufake
170	true	Only this one was missing! It is #FAKE that Damares Alves defended the repeal of the Maria da Penha Law | Fact or Fake | G1 https: // g1.globo.com/fato-ou-fake/n oticia / 2019/05/17 / e-fake-que-damares-alves-defended-repeal-da-lei-maria-da-penha. ghtml ...
171	true	False text states that Minister Damares will repeal the Maria da Penha Law http: // dlvr.it/R4w4yB pic.twitter.com/iKW4Jcezob
172	true	A message circulates on social networks saying that Minister Damares Alves will revoke the Maria da Penha Law. The Ministry of Women, Family and Human Rights has denied that the minister intends to end the law. and said that Damares considers it one of the best in the world "pic.twitter.com/C3w26kshOy"
173	true	A message circulates on social networks saying that Minister Damares Alves will revoke the Maria da Penha Law. The Ministry of Women, Family and Human Rights has denied that the minister intends to end the law. and said that Damares considers it one of the best in the world "#UOLCONFERE pic.twitter.com/zty1l9uzy8"
174	true	Damares will not revoke Lei Maria da Penha or say that the text 'is of the devil' https: // aosfatos.org/noticias/damar es-nao-revogara-lei-maria-da-penha-nor-said-that-text-and -do-devil /… #factchecking via @aosfatos
175	fake	Damares, human rights minister "said that the Maria da Penha Law is a devil's law because the Bible says that a man has the right to" correct "his wife. Minister Onix Lorenzoni said that women prefer weapons to the Maria da Penha Law. that's right? With the word women. "
176	true	kkk .. the staff problematizing the supposed crack "of the rio niteroi bridge that in vdd there is an existing gap just so that an accident does not occur if the concrete and steel undergo some kind of expansion / expansion"
177	fake	GALLERY >>>> Anyone who can disclose ... the Rio Niterói Bridge presents a tremendous crack ... someone needs to take ... http: // fb.me/4hhyscWrc
178	fake	Crack in the bridge in Rio Niterói this could be the beginning of a great tragedy. Pass it on http: // fb.me/7uK9aAXSH
179	fake	Guys help before a big accident happens !!! A big crack in the bridge Rio Niteroi, that is the will ... http: // fb.me/19RZI4Bto
180	fake	The Niterói River Bridge has a sinister crack
181	fake	Attention!!! Huge crack in Rio Niterói bridge? https: // www. facebook.com/tvrevolta/phot os / pb.169983389731783.-2207520000.1397141783. / 714343135295803 /? type = 3 & theater…… @SergioCabralRJ @eduardopaes_ Is this serious? #ForaDilma #ForaPT
182	true	It is not crack. It is an expansion joint of the rio niteroi bridge
183	fake	LULA WAS INDICATED BY THE FORBES MAGAZINE AS THE LARGEST THIEF IN THE WORLD "@AndreiaSadi @depjorgesolla @BohnGass @CarlosZarattini @HenriqueFontana @senadorhumberto @gleisi @alefrotabrasil @kimpkat @ptbrasil @PTnoSenado @DepMarcMaMacIart @ Brasil .com / m9zoZYo9lI "
184	fake	# Cancer has #CURE - plant (#ARANTO) Only those who have no knowledge will die of cancer. And you don't even know the ARANTO plant. Check this out my brothers ... let's spread this video to everyone ... amen ?? Maybe you know someone, or ... https: // www. facebook.com/ronybar/posts/ 10155785416296205…
185	true	#We verify: It is false that Dilma Rousseff spent R $ 73 million in a beauty salon https: // br.yahoo.com/noticias/verif icamos-e-false-que-dilma-rousseff-spent-r-73-million- em-salao-de-beleza-192425468.html…
186	true	#We verify: It is false that Brazil bought or won 15 military helicopters from Israel http: // bit.ly/2OHp51N Via Agência Lupa # fakenão #fakenews #FactCheck #CheckBR # SerMultimídia
187	fake	#sbtbrasil After it was discovered that Marielle's killer was from the PT, it seems that she finally died. Nobody talks anymore.
188	true	- Inês, woman! Do you know this plant here? - And the name or something, right? - That! Cure even cancer, girl! I'm laughing, but I'm worried about this old man believing that a plant can cure cancer.
189	fake	01 - Cancer has CURE - plant (ARANTO) Only those who have no knowledge die of cancer. And you don't even know the ARANTO plant. Check this out my brothers ... let's spread this video to everyone ... amen ?? Maybe you know someone, or ... https: // www. facebook.com/abrocha1/posts / 1687850284646027…
190	fake	15 of these donated to the Brazilian people, we were all happy, except the disgusting left. Those who bless Israel have the Eternal blessing! AH-64 Apache helicopters Now! https: // youtu.be/NsBU_xu_e_U via @YouTube
191	true	73, 07% of the polls counted: Dilma 53.16%, Serra 46.84%. Tight, but it's okay. # Elections
192	fake	73 million in the beauty salon and Dilma didn't look pretty ...
193	fake	@boninho research about a plant called Aveloz or also Aranto, they are plants that brought cancer cure to people in terminal phase including. Ana can take parallel to the treatment.
194	fake	@jairbolsonaro I heard that you had canceled the 8,000 radars ... And Marina Silva went to court and managed to release! How will you relate this? It's absurd it's happening like this
195	fake	@sbtjornalismo shows the helicopters that President Bolsonaro got from the prime minister of Israel to bring to Brazil to fight crime in the slums.
196	fake	Dilma spent 73 million on a beauty salon. She was supposed to look like the Croatian president, to say the least. https: // twitter.com/republica_ctba / status / 1106714033783222272…
197	true	Forbes elected Dilma one of the most powerful women in the world and stamped her face on the cover. Make no mistake. Lula was also on the cover of this magazine.
198	fake	The renowned Forbes magazine brought this issue to the fore, reputing Lula to have a personal fortune estimated at more than R $ 2 billion dollars .... https: // gazetapolitica.com/2018/01/28/rev ista- forbes-reveals-fortune-billionaire-of-squid-one-of-the-richest-of-the-world /…
199	true	Lula's fortune according to Forbes! https: // chainsdaescravidao.blogspot.com/2018/12/a-fort una-de-lula-de-accesso-com-forbes.html…
200	true	The information is FALSE. The name of ex-president @LulaOficial is not in the ranking of the richest people in the world prepared by Forbes magazine in 2006. That year, 16 Brazilians made the list of billionaires, but Lula was not one of them. Check it out at: http: // bit.ly/2UwvC4C. pic.twitter.com/W1KT6vUhLQ
201	fake	ARANTO plant q cures cancer. Watch this video. https: // www. facebook.com/10000046722373 8 / posts / 3089104594448418 /…
202	true	I just shared a content on Facebook that said that Israel had 15 helicopters on the side for the Brazilian armed forces ... I took it in the tarraqueta. That's what gives content sharing by emotion, I didn't even check the source, so I don't fall for fake news ...
203	fake	Has anyone noticed that Globo and the left stopped talking so much about Marielle? The reason? Ah, they found out that the killer and the boss are from a PT party. What, no? It seems to them that Marielle has finally died!
204	fake	Learn how to make ARANTO juice the right way to CURE cancer. Credits to Marcos Moura's Lula Channel on YouTube https: // www. facebook.com/laercio.santos demelo / posts / 1998056680262432…
205	fake	After the suspicion arose that Marielle's killer was from the PT, it seems that she finally died. Nobody talks anymore.
206	fake	Aranto / In addition to acting in the treatment of cancer, it is great for healing skin diseases, injuries, wounds ... http: // fb.me/4kwx48FZQ
207	fake	Aranto the plant used to fight serious health problems, mainly cancer -mainly-cancer /…
208	fake	Aranto cures cancer and many other diseases, research says! #TopbuzzBrasil http: // www. topbuzz.com/article/i65048 43243702714890? impr_id = 6507297237918304522 & gid = 6504843243702714890 & user_id = 6437966540242420746 & app_id = 1116 & c = tw & language = en…
209	fake	Aranto indicated for the treatment against cancer, aranto also serves to cure skin diseases, injuries, wounds, gangrene and hemorrhages. ... Due to its sedative effect, it is also said that aranto helps to treat psychological problems, such as schizophrenia. pic.twitter.com/QNu0TTxu0V
210	fake	Marielle's killer is a supporter of Lula and PT. pic.twitter.com/vJJasWeUwU
211	true	BICHO LOOKS AT THE FAKE NEWS LEVEL It is false that Marina Silva went to court to guarantee the installation of 8 thousand radars https: // piaui.folha.uol.com.br/lupa/2019/04/1 7 / verifamos-marina- radars /…
212	fake	GOOD AFTERNOON ! # BolsonaroTemRazão Look at the shirt of Marielle's killer. Voter of PT and Lula. Say more what .... https: // www. facebook.com/antoniogoncalv eslages.lages / posts / 2123281837787886…
213	fake	Bradil wins Israel's 15 AH-64 Apache helicopters, the most advanced to fight organized crime. This is how a new… https: // www. instagram.com/luizamerico21/ p / Bvyc0zwBCPxiVp3BXMHosGcIJpdBMuL7dmSK000 /? utm_source = ig_twitter_share & igshid = dcmin1kh6czv…
214	fake	Brazil wins Israel's 15, AH-64 Apache helicopters, the most advanced to fight organized crime .. Fruit of a new Brazil .. https: // www. facebook.com/1650742130/pos ts / 10211077661571366 /…
215	fake	Brazil wins as a gift from Israel 15, AH-64 Apache helicopters, the most advanced to fight organized crime .. Tramp has no time !!!
216	true	Petrobras' CPI and DILMA's drop in popularity cause this. See q beauty: PETR3 + 5, 73%; PETR4 + 5.69%; BB + 6.39%; ELET3 + 10.53% and ELET6 + 5.76%
217	fake	Caraca Believe me. Forbes: Lula's personal fortune is estimated at 2 billion dollars!
218	fake	Call it what you are! Who is the fascist ??? Lula in the forbes with one of the richest in the world, his fortune exceeds the acronym of BILLIONS OF DOLLARS! https: // gazetapolitica.com/2018/01/28/rev ista-forbes-reveals-squid-billionaire-fortune-one-of-the-richest-in-the-world /? fbclid = IwAR3J-2cG0n1cdx_8tZQHPXHE2d_PbsrqLJf3MJQVVhck
219	true	Coxinha deserves study. He says that Lula and his sons are millionaires, we ask him where he saw this and he says he was on the cover of Forbes. So we showed that the cover was fake but they continued ... https: // www. facebook.com/miriam.moraes. 05 / posts / 2432270856783539…
220	true	THEY SAY ISRAEL DONATED 15 HELICOPTERS TO BRAZIL DURING BOLSONARO'S VISIT TO ISRAEL. Unreasonable lies. https: // www. rumors.org/brasil/israel- donated-helicopteros-guerra-brasil.html….
221	true	According to the FORBES methodology, there are some billionaires who are politicians, Lula is not one of the ... https: // fb.me/3yE8cTVAt
222	fake	And now PTralhas? Marielle's killer is a member of the PT criminal organization and still wears a shirt with the photo of the arrested criminal leader. #CHUPAPThashes
223	fake	WHILE CUBA, VENEZUELA, AMONG OTHERS GIVE US DECO, ISRAEL US FROM HELICOPTERS! # DIGANÃOAJUMENTISSE
224	fake	Meanwhile a beauty salon that @dilmabr frequented received the trifle of 73 million reais, this same Coaf did not disclose anything
225	fake	This plant cures several types of cancer Today we are going to talk about a plant called Aranto (Kalanchoe daigremontiana) also known as the fortune flower. Madagascar native and introduced in Brazil by ... https: // business.facebook.com/mensagensana/p osts / 2378001202429095…
226	fake	I believe that the PT stole more in less time, in 8 years Lula made the foot of half a billionaire (adding the family's fortune exceeds 4 billion, Forbes Magazine)
227	fake	I would like to know is how Lula appears in Forbes magazine with a fortune of around 2 billion reais? Was it Marisa Letícia's inheritance too?
228	fake	There are two teas that help cure cancer: Aranto and Graviola. Ask him to take it!
229	fake	Aranto leaves are allies against cancer - Aranto plant that cures cancer. Originally from the island of Madagascar, in Africa, aranto was brought to America by slaves who, at that time, knew of its benefits. http: // videosnoyoutube.sharedalink.me/v2bmP
230	fake	Forbes: Lula's personal fortune is estimated at 2 billion dollars! https: // fb.me/8mifnmIsI
231	fake	DILMA / TEMER government paid R $ 73 million to a beauty salon in the countryside of Pernambuco https: // www. ricardoantunes.com.br/noticias/2297/ government-paid-r-73-million-to-beauty-salon-in-the-wild-of-pernambuco…
232	fake	Israeli government donates 15 AH-64 helicopters to Brazil during Bolsonaro's visit to Israel. https: // www. facebook.com/paulo.costa.52 03 / videos / 1853082438130949 /…
233	fake	PT inheritance: Beauty salon received R $ 73 million for technology services, spending on public money involving millionaire contracts with the beauty salon started in the Dilma Rousseff era. All Rights Reserved for the Republic of Curitiba. http: // republicadecuritiba.net/2019/03/15/her anca-petista-saloon-of-beauty-received-r-73-million-for-technology-services /…
234	fake	Israel donates 15 AH 64 helicopters to Brazil ... This helicopter is considered the most powerful in the world in attack on the ground ... Result of our president's efforts, while the PT plundered our money, Bolsonaro rescues reinforcements free of charge for our Armed Forces .... pic.twitter.com/Lszu3uc1y5
235	fake	Israel donated 15 AH-64 helicopters! He cuts the source of the shot right away. The banditry will now turn into a piece of Swiss cheese. Take care, bandit! Extermination is coming. If you want to live you will have to change your profession. pic.twitter.com/oOPgEqC2qN
236	fake	Israel donated AH-64 helicopters to Brazil! He cuts the source of the shot right away. Only artillery cannon can knock you down, but it is very difficult due to its speed. Take care, bandit! The exterminator is coming! pic.twitter.com/LgPVqSXi9p
237	fake	Bro. I didn't know that @dilmabr's hair was so bad that it needs high technology in the beauty salon. But isn't 73 million overkill? Of course, @ptbrasil will say that it was necessary to keep the country looking good. https: // twitter.com/republica_ctba / status / 1106714033783222272…
238	fake	OUR PRESIDENT WORKS WITH LOVE FOR OUR BRAZIL Israel donated 15 AH-64 helicopters Now, yes! Let's see who is going to be a macho man to be bulldozing a rifle and .50 in the favela! We won 15 Apache AH-64 helicopters. pic.twitter.com/GK9PSwld29
239	fake	PR @jairbolsonaro wants to end more than 8,000 radars and a Senator (Fabiano Contarato), Esquerdista, from REDE, Marina Silva's party, comes in with a request in court to force the government to deploy the radars. The Left really just wants to screw up the msm people.
240	true	The local website announces the cure of a cancer patient, supposedly in a terminal state, by Aranto, a medicinal plant. I am happy for the girl's recovery, but the spread of the news, without scientific proof, is very irresponsible.
241	true	The panacas are posting a montage, a man in a Lula shirt, saying that this is Marielle's murderer, who is an infiltrator of the PT. Total well bottom, imagine the zap zap. You have to do something!
242	fake	PLANT THAT CURES CANCER ARANTO HOW TO USE http: // fb.me/1G4NnGlJG
243	fake	Congratulations President Jair !! Israel donated 15 AH-64 helicopters! I want to see the favela bandits bring this plane down. He cuts the source of the shot right away. Only artillery cannons knock him down, but it is very difficult due to the speed. If you want to live you will have to change your profession. pic.twitter.com/Xrm4cwZcca
244	true	Can aranto plant cure cancer? DO NOT SHARE, because in addition to the information being FALSE, it can lead some people to death! Learn more: https: // www. rumors.org/saude/planta-a ranto-cura-cancer.html… # SaúdeÉCoisaSéria pic.twitter.com/ZXSUGbBhEN
245	fake	President Bolsonaro, it is sad to see him give an order and come after a disqualified one like Marina Silva and try to overthrow what you ordered regarding the new radars on the roads. Are you going to stay for this? Or are you going to shut her up? You and your entire team are our hope.
246	fake	I want to know why the President orders the radar to be removed and another Marina Silva comes and orders that the country and the President do not say anything about parents' drugs ... someone can answer me. https: // twitter.com/jairbolsonaro/ status / 1116157993127763968…
247	fake	R $ 73,000,000 delivered to a Dilma beauty salon? Answer me!! https: // republicadecuritiba.net/2019/03/15/her anca-petista-saloon-of-beauty-received-r-73-million-for-technology-services /…
248	fake	Forbes magazine reveals Lula's billionaire fortune. One of the richest in the world ". Http: // www. Odetetive.com/2018/01/revist a-forbes-reveals-fortuna.html…"
249	fake	Forbes magazine reveals Lula's billionaire fortune. One of the richest in the world ". Https: // gazetapolitica.com/2018/01/28/rev ista-forbes-reveals-fortune-billionaire-of-squid-one-of-the-richest-of-the-world /… Min. Sérgio I live in it !!! Search everything and repatriate values from accounts abroad! "
250	fake	Forbes magazine reveals Lula's billionaire fortune. "One of the richest in the world". :: Investment Profile https: // www. perfilinvestimento.com/l/revista-forb es-reveals-fortune-billionaire-of-squid-one-of-the-richest-in-the-world /… via @webnode
251	fake	Beauty salon received R $ 73 million for technology services in the Dilma government.
252	fake	According to the American magazine Forbes, Lula has an equity of 2 billion dollars. I don't even know how much it is in cash! Lol
253	fake	Elite troop 3 soon in Rio de Janeiro, the Israeli army donates helicopters to help ostentatious policing! pic.twitter.com/ngemIAhErV
254	fake	Let's stop, don't stick to that anymore, where you were when Lula, according to 2006 forbes magazine, said he had a fortune of 2 billion. How did he get so rich? Explain there?
255	true	Via @estadao: Forbes clarifies viral that put Lula among billionaires of the year , 1067141 ...
256	true	[Agência Lupa] #Check: It is false that Dilma Rousseff spent R $ 73 million in a beauty salon https: // piaui.folha.uol.com.br/lupa/2019/04/1 0 / verifamos-dilma-rousseff- beauty salon/ …
257	true	[Agência Lupa] #We verify: It is false that Brazil bought or won 15 military helicopters from Israel https: // piaui.folha.uol.com.br/lupa/2019/04/0 3 / verifamos-helicopteros-israel /…
258	fake	how the fuck would Dilma spend 73 MILLION REAIS in a beauty salon ????
259	fake	health tips: get to know aranto, which is the plant that cures cancer
260	true	spreading fakenews is ugly. I looked for the Forbes link giving these billions to Lula and I couldn't find it. that's why you believe so many lies, you spread false news without checking the source just because the lie suits you. cowards.
261	true	It is #FAKE that Lula appears on Forbes magazine's list of the richest in the world. #FatoouFake http: // glo.bo/2uK0dNN pic.twitter.com/6B1qIFc9rB
262	true	It is false that Dilma spent R $ 73 million on a beauty salon. Read more at: http: // bit.ly/2P0tFZ4 via Aos Fatos | In search of truth in politics. # fakenão #fakenews #FactCheck #CheckBR #SerMultimidia
263	true	It is false that Israel donated 15 helicopters to Brazil; video shows Turkish aircraft - To the Facts http: // dlvr.it/R26Vcx
264	true	It is false that Israel donated 15 helicopters to Brazil; video shows Turkish aircraft https: // aosfatos.org/noticias/e-fal so-that-israel-donated-to-brazil-15-helicopters-video-shows-turkish-aircraft /… #factchecking via @aosfatos
265	fake	The extreme press party is desperate. Yesterday Globo News was licking Mourão's balls. Today they are planting these oddities. The cut of state advertising funds for the Globo group by the way will be fatal ...
266	fake	The great Brizola must be applauding, at his grave, President Jair Messias Bolsonaro and General Mourão for cutting funds for Rede Globo. pic.twitter.com/UDkpPipaIP
267	fake	G. Mourão cuts 100% of funds from the media, Folha de S.Paulo, Estadão, GloboNews and O Globo may declare bankruptcy in a few days. will result in the dismissal of artists and presenters.
268	fake	Guys, there was a transfer from Jean Wyllys account to Adélio Bispo account of R $ 50,000.00. A week before the attack, Adélio was in Maria do Rosário's office. The principals were Jean Wyllys and Maria do Rosário.
269	fake	Hey, if you don't know, there was a transfer of money from Jean Wyllys' account to Adélio Bispo's account of R $ 50,000.00. Jean Wyllys and Maria do Rosário are responsible for the attack.
270	true	Is it fake that Jair Bolsonaro was chosen personality of the year by Time Magazine https: // cbn.globoradio.globo.com/media/audio/23 2764 / e-fake-que-jair-bolsonaro-was-chosen-personalid.htm? fbclid = IwAR0jdt_Fq39Fl71-g4ZbwoWTmfYh6YFhLXQJ_tHGmi2tH2ahNFc7mTOTxv0…
271	true	Jair Bolsonaro was not elected Person of the Year by Time magazine "https: // noticias.uol.com.br/confere/ultima s-noticias / 2018/12/14 / bolsonaro-not-been-elected-personality-of-the-year -by-time-magazine.htm? fbclid = IwAR0WzDRXhLXLXMKezrY9nW7vyGyfpS5QdHmM9hkXA62BnZdn5RFmLTtk1YQ… "
272	fake	# BolsonaroTop100 A man, a myth, a phenomenon! He started alone and now has over 58 million Brazilians at his side! Personality of the year and Time magazine's top 100! Without delay, with you @jairbolsonaro, President of Brazil! @governodobrasil @TIME pic.twitter.com/WDQ53CwQE6
273	true	Jair Bolsonaro was not elected Personality of the Year for the re-election. Time "@UOLNoticias @UOL https: // noticias.uol.com.br/confere/ultima s-noticias / 2018/12/14 / bolsonaro-nao-was-elected-personality-of-the-year-by-time-magazine .htm… "
274	fake	For "rupture with corruption", only one Brazilian appears among the '100 most influential' in the magazine 'Time'. WHO IS THIS INFLUENTIAL PERSONALITY? JAIR MESSIAS BOLSONARO. Trump and Netanyahu also appeared. https: // www. jornaldáciaonline.com.br/noticias/14195 / by-rupture-with-the-corruption-a-brazilian-appears-among-the-100-most-influential-of-the-time-magazine…
275	fake	Guys, the American magazine TIME included Jair Bolsonaro to run for PERSONALITY OF THE YEAR. PETRALHADA found out before and he has only 3% "YES" and 97% "NO"! Shall we turn this around? It's simple click here and follow until you see Jair Bolsonaro. https: // discover.apester.com/media/5be40171 3cea78c501552c1a… PARTICIPATE!
276	true	THE BIMBURROS MIMIMI START. Jair Bolsonaro was not elected Person of the Year by Time magazine "https: // noticias.uol.com.br/confere/ultima s-noticias / 2018/12/14 / bolsonaro-not-been-elected-personality-of-the-year -pela-revista-time.htm… via @UOLNoticias @UOL "
277	true	A photo of the cover of Time magazine circulates on social media with President-elect Jair Bolsonaro as personality of the year. The image is #FAKE. Time "chose journalists killed and imprisoned as" Person of the Year "for 2018. - Yeah. It looks like the election campaign continues ..."
278	true	Publications circulate on social networks that claim that baking soda would help cure cancer. The contents also say that cancer is a fungus. Check it out at: http: // bit.ly/2H07gIO. pic.twitter.com/xKNgOBPBAV
